{
  "ABIRoot": {
    "kind": "Root",
    "name": "OpenplatformSDK",
    "printedName": "OpenplatformSDK",
    "children": [
      {
        "kind": "Import",
        "name": "SwiftUI",
        "printedName": "SwiftUI",
        "declKind": "Import",
        "moduleName": "OpenplatformSDK"
      },
      {
        "kind": "Import",
        "name": "AVFoundation",
        "printedName": "AVFoundation",
        "declKind": "Import",
        "moduleName": "OpenplatformSDK"
      },
      {
        "kind": "TypeDecl",
        "name": "EquipmentLogin",
        "printedName": "EquipmentLogin",
        "children": [
          {
            "kind": "Constructor",
            "name": "init",
            "printedName": "init(baseDir:token:lng:onData:onError:onEnd:)",
            "children": [
              {
                "kind": "TypeNominal",
                "name": "EquipmentLogin",
                "printedName": "OpenplatformSDK.EquipmentLogin",
                "usr": "s:15OpenplatformSDK14EquipmentLoginV"
              },
              {
                "kind": "TypeNominal",
                "name": "String",
                "printedName": "Swift.String",
                "usr": "s:SS"
              },
              {
                "kind": "TypeNominal",
                "name": "String",
                "printedName": "Swift.String",
                "usr": "s:SS"
              },
              {
                "kind": "TypeNominal",
                "name": "String",
                "printedName": "Swift.String",
                "usr": "s:SS"
              },
              {
                "kind": "TypeFunc",
                "name": "Function",
                "printedName": "([Swift.String : Swift.String]) -> ()",
                "children": [
                  {
                    "kind": "TypeNominal",
                    "name": "Void",
                    "printedName": "()"
                  },
                  {
                    "kind": "TypeNominal",
                    "name": "Dictionary",
                    "printedName": "[Swift.String : Swift.String]",
                    "children": [
                      {
                        "kind": "TypeNominal",
                        "name": "String",
                        "printedName": "Swift.String",
                        "usr": "s:SS"
                      },
                      {
                        "kind": "TypeNominal",
                        "name": "String",
                        "printedName": "Swift.String",
                        "usr": "s:SS"
                      }
                    ],
                    "usr": "s:SD"
                  }
                ],
                "hasDefaultArg": true
              },
              {
                "kind": "TypeFunc",
                "name": "Function",
                "printedName": "(Swift.String) -> ()",
                "children": [
                  {
                    "kind": "TypeNominal",
                    "name": "Void",
                    "printedName": "()"
                  },
                  {
                    "kind": "TypeNominal",
                    "name": "String",
                    "printedName": "Swift.String",
                    "usr": "s:SS"
                  }
                ],
                "hasDefaultArg": true
              },
              {
                "kind": "TypeFunc",
                "name": "Function",
                "printedName": "() -> ()",
                "children": [
                  {
                    "kind": "TypeNominal",
                    "name": "Void",
                    "printedName": "()"
                  },
                  {
                    "kind": "TypeNominal",
                    "name": "Void",
                    "printedName": "()"
                  }
                ],
                "hasDefaultArg": true
              }
            ],
            "declKind": "Constructor",
            "usr": "s:15OpenplatformSDK14EquipmentLoginV7baseDir5token3lng6onData0I5Error0I3EndACSS_S2SySDyS2SGcySScyyctcfc",
            "mangledName": "$s15OpenplatformSDK14EquipmentLoginV7baseDir5token3lng6onData0I5Error0I3EndACSS_S2SySDyS2SGcySScyyctcfc",
            "moduleName": "OpenplatformSDK",
            "declAttributes": [
              "Preconcurrency",
              "Custom",
              "AccessControl"
            ],
            "init_kind": "Designated"
          },
          {
            "kind": "Var",
            "name": "body",
            "printedName": "body",
            "children": [
              {
                "kind": "TypeNominal",
                "name": "OpaqueTypeArchetype",
                "printedName": "some SwiftUI.View",
                "children": [
                  {
                    "kind": "TypeNominal",
                    "name": "View",
                    "printedName": "SwiftUI.View",
                    "usr": "s:7SwiftUI4ViewP"
                  }
                ]
              }
            ],
            "declKind": "Var",
            "usr": "s:15OpenplatformSDK14EquipmentLoginV4bodyQrvp",
            "mangledName": "$s15OpenplatformSDK14EquipmentLoginV4bodyQrvp",
            "moduleName": "OpenplatformSDK",
            "declAttributes": [
              "Preconcurrency",
              "Custom",
              "AccessControl"
            ],
            "accessors": [
              {
                "kind": "Accessor",
                "name": "Get",
                "printedName": "Get()",
                "children": [
                  {
                    "kind": "TypeNominal",
                    "name": "OpaqueTypeArchetype",
                    "printedName": "some SwiftUI.View",
                    "children": [
                      {
                        "kind": "TypeNominal",
                        "name": "View",
                        "printedName": "SwiftUI.View",
                        "usr": "s:7SwiftUI4ViewP"
                      }
                    ]
                  }
                ],
                "declKind": "Accessor",
                "usr": "s:15OpenplatformSDK14EquipmentLoginV4bodyQrvg",
                "mangledName": "$s15OpenplatformSDK14EquipmentLoginV4bodyQrvg",
                "moduleName": "OpenplatformSDK",
                "accessorKind": "get"
              }
            ]
          }
        ],
        "declKind": "Struct",
        "usr": "s:15OpenplatformSDK14EquipmentLoginV",
        "mangledName": "$s15OpenplatformSDK14EquipmentLoginV",
        "moduleName": "OpenplatformSDK",
        "declAttributes": [
          "Preconcurrency",
          "Custom",
          "AccessControl"
        ],
        "conformances": [
          {
            "kind": "Conformance",
            "name": "Copyable",
            "printedName": "Copyable",
            "usr": "s:s8CopyableP",
            "mangledName": "$ss8CopyableP"
          },
          {
            "kind": "Conformance",
            "name": "Escapable",
            "printedName": "Escapable",
            "usr": "s:s9EscapableP",
            "mangledName": "$ss9EscapableP"
          },
          {
            "kind": "Conformance",
            "name": "View",
            "printedName": "View",
            "children": [
              {
                "kind": "TypeWitness",
                "name": "Body",
                "printedName": "Body",
                "children": [
                  {
                    "kind": "TypeNominal",
                    "name": "OpaqueTypeArchetype",
                    "printedName": "some SwiftUI.View",
                    "children": [
                      {
                        "kind": "TypeNominal",
                        "name": "View",
                        "printedName": "SwiftUI.View",
                        "usr": "s:7SwiftUI4ViewP"
                      }
                    ]
                  }
                ]
              }
            ],
            "usr": "s:7SwiftUI4ViewP",
            "mangledName": "$s7SwiftUI4ViewP"
          },
          {
            "kind": "Conformance",
            "name": "Sendable",
            "printedName": "Sendable",
            "usr": "s:s8SendableP",
            "mangledName": "$ss8SendableP"
          }
        ]
      },
      {
        "kind": "Import",
        "name": "SwiftUI",
        "printedName": "SwiftUI",
        "declKind": "Import",
        "moduleName": "OpenplatformSDK"
      },
      {
        "kind": "Import",
        "name": "WebKit",
        "printedName": "WebKit",
        "declKind": "Import",
        "moduleName": "OpenplatformSDK"
      },
      {
        "kind": "TypeDecl",
        "name": "WebViewWrapper",
        "printedName": "WebViewWrapper",
        "children": [
          {
            "kind": "Constructor",
            "name": "init",
            "printedName": "init(baseDir:name:parameters:onData:onError:onEnd:)",
            "children": [
              {
                "kind": "TypeNominal",
                "name": "WebViewWrapper",
                "printedName": "OpenplatformSDK.WebViewWrapper",
                "usr": "s:15OpenplatformSDK14WebViewWrapperV"
              },
              {
                "kind": "TypeNominal",
                "name": "String",
                "printedName": "Swift.String",
                "usr": "s:SS"
              },
              {
                "kind": "TypeNominal",
                "name": "String",
                "printedName": "Swift.String",
                "usr": "s:SS"
              },
              {
                "kind": "TypeNominal",
                "name": "Dictionary",
                "printedName": "[Swift.String : Swift.String]",
                "children": [
                  {
                    "kind": "TypeNominal",
                    "name": "String",
                    "printedName": "Swift.String",
                    "usr": "s:SS"
                  },
                  {
                    "kind": "TypeNominal",
                    "name": "String",
                    "printedName": "Swift.String",
                    "usr": "s:SS"
                  }
                ],
                "usr": "s:SD"
              },
              {
                "kind": "TypeFunc",
                "name": "Function",
                "printedName": "([Swift.String : Swift.String]) -> ()",
                "children": [
                  {
                    "kind": "TypeNominal",
                    "name": "Void",
                    "printedName": "()"
                  },
                  {
                    "kind": "TypeNominal",
                    "name": "Dictionary",
                    "printedName": "[Swift.String : Swift.String]",
                    "children": [
                      {
                        "kind": "TypeNominal",
                        "name": "String",
                        "printedName": "Swift.String",
                        "usr": "s:SS"
                      },
                      {
                        "kind": "TypeNominal",
                        "name": "String",
                        "printedName": "Swift.String",
                        "usr": "s:SS"
                      }
                    ],
                    "usr": "s:SD"
                  }
                ],
                "hasDefaultArg": true
              },
              {
                "kind": "TypeFunc",
                "name": "Function",
                "printedName": "(Swift.String) -> ()",
                "children": [
                  {
                    "kind": "TypeNominal",
                    "name": "Void",
                    "printedName": "()"
                  },
                  {
                    "kind": "TypeNominal",
                    "name": "String",
                    "printedName": "Swift.String",
                    "usr": "s:SS"
                  }
                ],
                "hasDefaultArg": true
              },
              {
                "kind": "TypeFunc",
                "name": "Function",
                "printedName": "() -> ()",
                "children": [
                  {
                    "kind": "TypeNominal",
                    "name": "Void",
                    "printedName": "()"
                  },
                  {
                    "kind": "TypeNominal",
                    "name": "Void",
                    "printedName": "()"
                  }
                ],
                "hasDefaultArg": true
              }
            ],
            "declKind": "Constructor",
            "usr": "s:15OpenplatformSDK14WebViewWrapperV7baseDir4name10parameters6onData0J5Error0J3EndACSS_SSSDyS2SGyAJcySScyyctcfc",
            "mangledName": "$s15OpenplatformSDK14WebViewWrapperV7baseDir4name10parameters6onData0J5Error0J3EndACSS_SSSDyS2SGyAJcySScyyctcfc",
            "moduleName": "OpenplatformSDK",
            "declAttributes": [
              "Preconcurrency",
              "Custom",
              "AccessControl"
            ],
            "init_kind": "Designated"
          },
          {
            "kind": "Function",
            "name": "makeCoordinator",
            "printedName": "makeCoordinator()",
            "children": [
              {
                "kind": "TypeNominal",
                "name": "Coordinator",
                "printedName": "OpenplatformSDK.WebViewWrapper.Coordinator",
                "usr": "s:15OpenplatformSDK14WebViewWrapperV11CoordinatorC"
              }
            ],
            "declKind": "Func",
            "usr": "s:15OpenplatformSDK14WebViewWrapperV15makeCoordinatorAC0G0CyF",
            "mangledName": "$s15OpenplatformSDK14WebViewWrapperV15makeCoordinatorAC0G0CyF",
            "moduleName": "OpenplatformSDK",
            "declAttributes": [
              "Preconcurrency",
              "Custom",
              "AccessControl"
            ],
            "funcSelfKind": "NonMutating"
          },
          {
            "kind": "Function",
            "name": "makeUIView",
            "printedName": "makeUIView(context:)",
            "children": [
              {
                "kind": "TypeNominal",
                "name": "WKWebView",
                "printedName": "WebKit.WKWebView",
                "usr": "c:objc(cs)WKWebView"
              },
              {
                "kind": "TypeNominal",
                "name": "UIViewRepresentableContext",
                "printedName": "SwiftUI.UIViewRepresentableContext<OpenplatformSDK.WebViewWrapper>",
                "children": [
                  {
                    "kind": "TypeNominal",
                    "name": "WebViewWrapper",
                    "printedName": "OpenplatformSDK.WebViewWrapper",
                    "usr": "s:15OpenplatformSDK14WebViewWrapperV"
                  }
                ],
                "usr": "s:7SwiftUI26UIViewRepresentableContextV"
              }
            ],
            "declKind": "Func",
            "usr": "s:15OpenplatformSDK14WebViewWrapperV10makeUIView7contextSo05WKWebD0C7SwiftUI0G20RepresentableContextVyACG_tF",
            "mangledName": "$s15OpenplatformSDK14WebViewWrapperV10makeUIView7contextSo05WKWebD0C7SwiftUI0G20RepresentableContextVyACG_tF",
            "moduleName": "OpenplatformSDK",
            "declAttributes": [
              "Preconcurrency",
              "Custom",
              "AccessControl"
            ],
            "funcSelfKind": "NonMutating"
          },
          {
            "kind": "Function",
            "name": "updateUIView",
            "printedName": "updateUIView(_:context:)",
            "children": [
              {
                "kind": "TypeNominal",
                "name": "Void",
                "printedName": "()"
              },
              {
                "kind": "TypeNominal",
                "name": "WKWebView",
                "printedName": "WebKit.WKWebView",
                "usr": "c:objc(cs)WKWebView"
              },
              {
                "kind": "TypeNominal",
                "name": "UIViewRepresentableContext",
                "printedName": "SwiftUI.UIViewRepresentableContext<OpenplatformSDK.WebViewWrapper>",
                "children": [
                  {
                    "kind": "TypeNominal",
                    "name": "WebViewWrapper",
                    "printedName": "OpenplatformSDK.WebViewWrapper",
                    "usr": "s:15OpenplatformSDK14WebViewWrapperV"
                  }
                ],
                "usr": "s:7SwiftUI26UIViewRepresentableContextV"
              }
            ],
            "declKind": "Func",
            "usr": "s:15OpenplatformSDK14WebViewWrapperV12updateUIView_7contextySo05WKWebD0C_7SwiftUI0G20RepresentableContextVyACGtF",
            "mangledName": "$s15OpenplatformSDK14WebViewWrapperV12updateUIView_7contextySo05WKWebD0C_7SwiftUI0G20RepresentableContextVyACGtF",
            "moduleName": "OpenplatformSDK",
            "declAttributes": [
              "Preconcurrency",
              "Custom",
              "AccessControl"
            ],
            "funcSelfKind": "NonMutating"
          },
          {
            "kind": "TypeDecl",
            "name": "Coordinator",
            "printedName": "Coordinator",
            "children": [
              {
                "kind": "Function",
                "name": "webView",
                "printedName": "webView(_:runJavaScriptAlertPanelWithMessage:initiatedByFrame:completionHandler:)",
                "children": [
                  {
                    "kind": "TypeNominal",
                    "name": "Void",
                    "printedName": "()"
                  },
                  {
                    "kind": "TypeNominal",
                    "name": "WKWebView",
                    "printedName": "WebKit.WKWebView",
                    "usr": "c:objc(cs)WKWebView"
                  },
                  {
                    "kind": "TypeNominal",
                    "name": "String",
                    "printedName": "Swift.String",
                    "usr": "s:SS"
                  },
                  {
                    "kind": "TypeNominal",
                    "name": "WKFrameInfo",
                    "printedName": "WebKit.WKFrameInfo",
                    "usr": "c:objc(cs)WKFrameInfo"
                  },
                  {
                    "kind": "TypeFunc",
                    "name": "Function",
                    "printedName": "() -> ()",
                    "children": [
                      {
                        "kind": "TypeNominal",
                        "name": "Void",
                        "printedName": "()"
                      },
                      {
                        "kind": "TypeNominal",
                        "name": "Void",
                        "printedName": "()"
                      }
                    ]
                  }
                ],
                "declKind": "Func",
                "usr": "s:15OpenplatformSDK14WebViewWrapperV11CoordinatorC03webD0_34runJavaScriptAlertPanelWithMessage16initiatedByFrame17completionHandlerySo05WKWebD0C_SSSo11WKFrameInfoCyyctF",
                "mangledName": "$s15OpenplatformSDK14WebViewWrapperV11CoordinatorC03webD0_34runJavaScriptAlertPanelWithMessage16initiatedByFrame17completionHandlerySo05WKWebD0C_SSSo11WKFrameInfoCyyctF",
                "moduleName": "OpenplatformSDK",
                "objc_name": "webView:runJavaScriptAlertPanelWithMessage:initiatedByFrame:completionHandler:",
                "declAttributes": [
                  "ObjC",
                  "Preconcurrency",
                  "Custom",
                  "AccessControl",
                  "RawDocComment"
                ],
                "funcSelfKind": "NonMutating"
              },
              {
                "kind": "Function",
                "name": "webView",
                "printedName": "webView(_:didReceive:completionHandler:)",
                "children": [
                  {
                    "kind": "TypeNominal",
                    "name": "Void",
                    "printedName": "()"
                  },
                  {
                    "kind": "TypeNominal",
                    "name": "WKWebView",
                    "printedName": "WebKit.WKWebView",
                    "usr": "c:objc(cs)WKWebView"
                  },
                  {
                    "kind": "TypeNominal",
                    "name": "URLAuthenticationChallenge",
                    "printedName": "Foundation.URLAuthenticationChallenge",
                    "usr": "c:objc(cs)NSURLAuthenticationChallenge"
                  },
                  {
                    "kind": "TypeFunc",
                    "name": "Function",
                    "printedName": "(Foundation.URLSession.AuthChallengeDisposition, Foundation.URLCredential?) -> ()",
                    "children": [
                      {
                        "kind": "TypeNominal",
                        "name": "Void",
                        "printedName": "()"
                      },
                      {
                        "kind": "TypeNominal",
                        "name": "Tuple",
                        "printedName": "(Foundation.URLSession.AuthChallengeDisposition, Foundation.URLCredential?)",
                        "children": [
                          {
                            "kind": "TypeNominal",
                            "name": "AuthChallengeDisposition",
                            "printedName": "Foundation.URLSession.AuthChallengeDisposition",
                            "usr": "c:@E@NSURLSessionAuthChallengeDisposition"
                          },
                          {
                            "kind": "TypeNominal",
                            "name": "Optional",
                            "printedName": "Foundation.URLCredential?",
                            "children": [
                              {
                                "kind": "TypeNominal",
                                "name": "URLCredential",
                                "printedName": "Foundation.URLCredential",
                                "usr": "c:objc(cs)NSURLCredential"
                              }
                            ],
                            "usr": "s:Sq"
                          }
                        ]
                      }
                    ]
                  }
                ],
                "declKind": "Func",
                "usr": "s:15OpenplatformSDK14WebViewWrapperV11CoordinatorC03webD0_10didReceive17completionHandlerySo05WKWebD0C_So28NSURLAuthenticationChallengeCySo016NSURLSessionAuthN11DispositionV_So15NSURLCredentialCSgtctF",
                "mangledName": "$s15OpenplatformSDK14WebViewWrapperV11CoordinatorC03webD0_10didReceive17completionHandlerySo05WKWebD0C_So28NSURLAuthenticationChallengeCySo016NSURLSessionAuthN11DispositionV_So15NSURLCredentialCSgtctF",
                "moduleName": "OpenplatformSDK",
                "objc_name": "webView:didReceiveAuthenticationChallenge:completionHandler:",
                "declAttributes": [
                  "ObjC",
                  "Preconcurrency",
                  "Custom",
                  "AccessControl",
                  "RawDocComment"
                ],
                "funcSelfKind": "NonMutating"
              },
              {
                "kind": "Function",
                "name": "webView",
                "printedName": "webView(_:didFail:withError:)",
                "children": [
                  {
                    "kind": "TypeNominal",
                    "name": "Void",
                    "printedName": "()"
                  },
                  {
                    "kind": "TypeNominal",
                    "name": "WKWebView",
                    "printedName": "WebKit.WKWebView",
                    "usr": "c:objc(cs)WKWebView"
                  },
                  {
                    "kind": "TypeNominal",
                    "name": "ImplicitlyUnwrappedOptional",
                    "printedName": "WebKit.WKNavigation?",
                    "children": [
                      {
                        "kind": "TypeNominal",
                        "name": "WKNavigation",
                        "printedName": "WebKit.WKNavigation",
                        "usr": "c:objc(cs)WKNavigation"
                      }
                    ],
                    "usr": "s:Sq"
                  },
                  {
                    "kind": "TypeNominal",
                    "name": "Error",
                    "printedName": "any Swift.Error",
                    "usr": "s:s5ErrorP"
                  }
                ],
                "declKind": "Func",
                "usr": "s:15OpenplatformSDK14WebViewWrapperV11CoordinatorC03webD0_7didFail9withErrorySo05WKWebD0C_So12WKNavigationCSgs0K0_ptF",
                "mangledName": "$s15OpenplatformSDK14WebViewWrapperV11CoordinatorC03webD0_7didFail9withErrorySo05WKWebD0C_So12WKNavigationCSgs0K0_ptF",
                "moduleName": "OpenplatformSDK",
                "objc_name": "webView:didFailNavigation:withError:",
                "declAttributes": [
                  "ObjC",
                  "Preconcurrency",
                  "Custom",
                  "AccessControl",
                  "RawDocComment"
                ],
                "funcSelfKind": "NonMutating"
              },
              {
                "kind": "Function",
                "name": "webView",
                "printedName": "webView(_:didFinish:)",
                "children": [
                  {
                    "kind": "TypeNominal",
                    "name": "Void",
                    "printedName": "()"
                  },
                  {
                    "kind": "TypeNominal",
                    "name": "WKWebView",
                    "printedName": "WebKit.WKWebView",
                    "usr": "c:objc(cs)WKWebView"
                  },
                  {
                    "kind": "TypeNominal",
                    "name": "ImplicitlyUnwrappedOptional",
                    "printedName": "WebKit.WKNavigation?",
                    "children": [
                      {
                        "kind": "TypeNominal",
                        "name": "WKNavigation",
                        "printedName": "WebKit.WKNavigation",
                        "usr": "c:objc(cs)WKNavigation"
                      }
                    ],
                    "usr": "s:Sq"
                  }
                ],
                "declKind": "Func",
                "usr": "s:15OpenplatformSDK14WebViewWrapperV11CoordinatorC03webD0_9didFinishySo05WKWebD0C_So12WKNavigationCSgtF",
                "mangledName": "$s15OpenplatformSDK14WebViewWrapperV11CoordinatorC03webD0_9didFinishySo05WKWebD0C_So12WKNavigationCSgtF",
                "moduleName": "OpenplatformSDK",
                "objc_name": "webView:didFinishNavigation:",
                "declAttributes": [
                  "ObjC",
                  "Preconcurrency",
                  "Custom",
                  "AccessControl",
                  "RawDocComment"
                ],
                "funcSelfKind": "NonMutating"
              },
              {
                "kind": "Function",
                "name": "userContentController",
                "printedName": "userContentController(_:didReceive:)",
                "children": [
                  {
                    "kind": "TypeNominal",
                    "name": "Void",
                    "printedName": "()"
                  },
                  {
                    "kind": "TypeNominal",
                    "name": "WKUserContentController",
                    "printedName": "WebKit.WKUserContentController",
                    "usr": "c:objc(cs)WKUserContentController"
                  },
                  {
                    "kind": "TypeNominal",
                    "name": "WKScriptMessage",
                    "printedName": "WebKit.WKScriptMessage",
                    "usr": "c:objc(cs)WKScriptMessage"
                  }
                ],
                "declKind": "Func",
                "usr": "s:15OpenplatformSDK14WebViewWrapperV11CoordinatorC21userContentController_10didReceiveySo06WKUserhI0C_So15WKScriptMessageCtF",
                "mangledName": "$s15OpenplatformSDK14WebViewWrapperV11CoordinatorC21userContentController_10didReceiveySo06WKUserhI0C_So15WKScriptMessageCtF",
                "moduleName": "OpenplatformSDK",
                "objc_name": "userContentController:didReceiveScriptMessage:",
                "declAttributes": [
                  "ObjC",
                  "Preconcurrency",
                  "Custom",
                  "AccessControl"
                ],
                "funcSelfKind": "NonMutating"
              },
              {
                "kind": "Constructor",
                "name": "init",
                "printedName": "init()",
                "children": [
                  {
                    "kind": "TypeNominal",
                    "name": "Coordinator",
                    "printedName": "OpenplatformSDK.WebViewWrapper.Coordinator",
                    "usr": "s:15OpenplatformSDK14WebViewWrapperV11CoordinatorC"
                  }
                ],
                "declKind": "Constructor",
                "usr": "s:15OpenplatformSDK14WebViewWrapperV11CoordinatorCAEycfc",
                "mangledName": "$s15OpenplatformSDK14WebViewWrapperV11CoordinatorCAEycfc",
                "moduleName": "OpenplatformSDK",
                "overriding": true,
                "implicit": true,
                "objc_name": "init",
                "declAttributes": [
                  "Dynamic",
                  "ObjC",
                  "Preconcurrency",
                  "Custom",
                  "Override"
                ],
                "init_kind": "Designated"
              }
            ],
            "declKind": "Class",
            "usr": "s:15OpenplatformSDK14WebViewWrapperV11CoordinatorC",
            "mangledName": "$s15OpenplatformSDK14WebViewWrapperV11CoordinatorC",
            "moduleName": "OpenplatformSDK",
            "declAttributes": [
              "Preconcurrency",
              "Custom",
              "AccessControl",
              "ObjC"
            ],
            "superclassUsr": "c:objc(cs)NSObject",
            "hasMissingDesignatedInitializers": true,
            "superclassNames": [
              "ObjectiveC.NSObject"
            ],
            "conformances": [
              {
                "kind": "Conformance",
                "name": "Copyable",
                "printedName": "Copyable",
                "usr": "s:s8CopyableP",
                "mangledName": "$ss8CopyableP"
              },
              {
                "kind": "Conformance",
                "name": "Escapable",
                "printedName": "Escapable",
                "usr": "s:s9EscapableP",
                "mangledName": "$ss9EscapableP"
              },
              {
                "kind": "Conformance",
                "name": "Equatable",
                "printedName": "Equatable",
                "usr": "s:SQ",
                "mangledName": "$sSQ"
              },
              {
                "kind": "Conformance",
                "name": "Hashable",
                "printedName": "Hashable",
                "usr": "s:SH",
                "mangledName": "$sSH"
              },
              {
                "kind": "Conformance",
                "name": "CVarArg",
                "printedName": "CVarArg",
                "usr": "s:s7CVarArgP",
                "mangledName": "$ss7CVarArgP"
              },
              {
                "kind": "Conformance",
                "name": "_KeyValueCodingAndObservingPublishing",
                "printedName": "_KeyValueCodingAndObservingPublishing",
                "usr": "s:10Foundation37_KeyValueCodingAndObservingPublishingP",
                "mangledName": "$s10Foundation37_KeyValueCodingAndObservingPublishingP"
              },
              {
                "kind": "Conformance",
                "name": "_KeyValueCodingAndObserving",
                "printedName": "_KeyValueCodingAndObserving",
                "usr": "s:10Foundation27_KeyValueCodingAndObservingP",
                "mangledName": "$s10Foundation27_KeyValueCodingAndObservingP"
              },
              {
                "kind": "Conformance",
                "name": "CustomStringConvertible",
                "printedName": "CustomStringConvertible",
                "usr": "s:s23CustomStringConvertibleP",
                "mangledName": "$ss23CustomStringConvertibleP"
              },
              {
                "kind": "Conformance",
                "name": "CustomDebugStringConvertible",
                "printedName": "CustomDebugStringConvertible",
                "usr": "s:s28CustomDebugStringConvertibleP",
                "mangledName": "$ss28CustomDebugStringConvertibleP"
              },
              {
                "kind": "Conformance",
                "name": "Sendable",
                "printedName": "Sendable",
                "usr": "s:s8SendableP",
                "mangledName": "$ss8SendableP"
              }
            ]
          }
        ],
        "declKind": "Struct",
        "usr": "s:15OpenplatformSDK14WebViewWrapperV",
        "mangledName": "$s15OpenplatformSDK14WebViewWrapperV",
        "moduleName": "OpenplatformSDK",
        "declAttributes": [
          "Preconcurrency",
          "Custom",
          "AccessControl"
        ],
        "conformances": [
          {
            "kind": "Conformance",
            "name": "Copyable",
            "printedName": "Copyable",
            "usr": "s:s8CopyableP",
            "mangledName": "$ss8CopyableP"
          },
          {
            "kind": "Conformance",
            "name": "Escapable",
            "printedName": "Escapable",
            "usr": "s:s9EscapableP",
            "mangledName": "$ss9EscapableP"
          },
          {
            "kind": "Conformance",
            "name": "UIViewRepresentable",
            "printedName": "UIViewRepresentable",
            "children": [
              {
                "kind": "TypeWitness",
                "name": "UIViewType",
                "printedName": "UIViewType",
                "children": [
                  {
                    "kind": "TypeNominal",
                    "name": "WKWebView",
                    "printedName": "WebKit.WKWebView",
                    "usr": "c:objc(cs)WKWebView"
                  }
                ]
              },
              {
                "kind": "TypeWitness",
                "name": "Coordinator",
                "printedName": "Coordinator",
                "children": [
                  {
                    "kind": "TypeNominal",
                    "name": "Coordinator",
                    "printedName": "OpenplatformSDK.WebViewWrapper.Coordinator",
                    "usr": "s:15OpenplatformSDK14WebViewWrapperV11CoordinatorC"
                  }
                ]
              }
            ],
            "usr": "s:7SwiftUI19UIViewRepresentableP",
            "mangledName": "$s7SwiftUI19UIViewRepresentableP"
          },
          {
            "kind": "Conformance",
            "name": "View",
            "printedName": "View",
            "children": [
              {
                "kind": "TypeWitness",
                "name": "Body",
                "printedName": "Body",
                "children": [
                  {
                    "kind": "TypeNominal",
                    "name": "Never",
                    "printedName": "Swift.Never",
                    "usr": "s:s5NeverO"
                  }
                ]
              }
            ],
            "usr": "s:7SwiftUI4ViewP",
            "mangledName": "$s7SwiftUI4ViewP"
          },
          {
            "kind": "Conformance",
            "name": "Sendable",
            "printedName": "Sendable",
            "usr": "s:s8SendableP",
            "mangledName": "$ss8SendableP"
          }
        ]
      },
      {
        "kind": "Import",
        "name": "SwiftUI",
        "printedName": "SwiftUI",
        "declKind": "Import",
        "moduleName": "OpenplatformSDK"
      },
      {
        "kind": "Import",
        "name": "AVFoundation",
        "printedName": "AVFoundation",
        "declKind": "Import",
        "moduleName": "OpenplatformSDK"
      },
      {
        "kind": "TypeDecl",
        "name": "QRCodeScanner",
        "printedName": "QRCodeScanner",
        "children": [
          {
            "kind": "Constructor",
            "name": "init",
            "printedName": "init(onQRCodeScanned:)",
            "children": [
              {
                "kind": "TypeNominal",
                "name": "QRCodeScanner",
                "printedName": "OpenplatformSDK.QRCodeScanner",
                "usr": "s:15OpenplatformSDK13QRCodeScannerV"
              },
              {
                "kind": "TypeFunc",
                "name": "Function",
                "printedName": "(Swift.String) -> ()",
                "children": [
                  {
                    "kind": "TypeNominal",
                    "name": "Void",
                    "printedName": "()"
                  },
                  {
                    "kind": "TypeNominal",
                    "name": "String",
                    "printedName": "Swift.String",
                    "usr": "s:SS"
                  }
                ]
              }
            ],
            "declKind": "Constructor",
            "usr": "s:15OpenplatformSDK13QRCodeScannerV02onC7ScannedACySSc_tcfc",
            "mangledName": "$s15OpenplatformSDK13QRCodeScannerV02onC7ScannedACySSc_tcfc",
            "moduleName": "OpenplatformSDK",
            "declAttributes": [
              "Preconcurrency",
              "Custom",
              "AccessControl"
            ],
            "init_kind": "Designated"
          },
          {
            "kind": "Function",
            "name": "makeCoordinator",
            "printedName": "makeCoordinator()",
            "children": [
              {
                "kind": "TypeNominal",
                "name": "Coordinator",
                "printedName": "OpenplatformSDK.QRCodeScanner.Coordinator",
                "usr": "s:15OpenplatformSDK13QRCodeScannerV11CoordinatorC"
              }
            ],
            "declKind": "Func",
            "usr": "s:15OpenplatformSDK13QRCodeScannerV15makeCoordinatorAC0F0CyF",
            "mangledName": "$s15OpenplatformSDK13QRCodeScannerV15makeCoordinatorAC0F0CyF",
            "moduleName": "OpenplatformSDK",
            "declAttributes": [
              "Preconcurrency",
              "Custom",
              "AccessControl"
            ],
            "funcSelfKind": "NonMutating"
          },
          {
            "kind": "Function",
            "name": "makeUIView",
            "printedName": "makeUIView(context:)",
            "children": [
              {
                "kind": "TypeNominal",
                "name": "UIView",
                "printedName": "UIKit.UIView",
                "usr": "c:objc(cs)UIView"
              },
              {
                "kind": "TypeNominal",
                "name": "UIViewRepresentableContext",
                "printedName": "SwiftUI.UIViewRepresentableContext<OpenplatformSDK.QRCodeScanner>",
                "children": [
                  {
                    "kind": "TypeNominal",
                    "name": "QRCodeScanner",
                    "printedName": "OpenplatformSDK.QRCodeScanner",
                    "usr": "s:15OpenplatformSDK13QRCodeScannerV"
                  }
                ],
                "usr": "s:7SwiftUI26UIViewRepresentableContextV"
              }
            ],
            "declKind": "Func",
            "usr": "s:15OpenplatformSDK13QRCodeScannerV10makeUIView7contextSo0F0C7SwiftUI0F20RepresentableContextVyACG_tF",
            "mangledName": "$s15OpenplatformSDK13QRCodeScannerV10makeUIView7contextSo0F0C7SwiftUI0F20RepresentableContextVyACG_tF",
            "moduleName": "OpenplatformSDK",
            "declAttributes": [
              "Preconcurrency",
              "Custom",
              "AccessControl"
            ],
            "funcSelfKind": "NonMutating"
          },
          {
            "kind": "Function",
            "name": "updateUIView",
            "printedName": "updateUIView(_:context:)",
            "children": [
              {
                "kind": "TypeNominal",
                "name": "Void",
                "printedName": "()"
              },
              {
                "kind": "TypeNominal",
                "name": "UIView",
                "printedName": "UIKit.UIView",
                "usr": "c:objc(cs)UIView"
              },
              {
                "kind": "TypeNominal",
                "name": "UIViewRepresentableContext",
                "printedName": "SwiftUI.UIViewRepresentableContext<OpenplatformSDK.QRCodeScanner>",
                "children": [
                  {
                    "kind": "TypeNominal",
                    "name": "QRCodeScanner",
                    "printedName": "OpenplatformSDK.QRCodeScanner",
                    "usr": "s:15OpenplatformSDK13QRCodeScannerV"
                  }
                ],
                "usr": "s:7SwiftUI26UIViewRepresentableContextV"
              }
            ],
            "declKind": "Func",
            "usr": "s:15OpenplatformSDK13QRCodeScannerV12updateUIView_7contextySo0F0C_7SwiftUI0F20RepresentableContextVyACGtF",
            "mangledName": "$s15OpenplatformSDK13QRCodeScannerV12updateUIView_7contextySo0F0C_7SwiftUI0F20RepresentableContextVyACGtF",
            "moduleName": "OpenplatformSDK",
            "declAttributes": [
              "Preconcurrency",
              "Custom",
              "AccessControl"
            ],
            "funcSelfKind": "NonMutating"
          },
          {
            "kind": "TypeDecl",
            "name": "Coordinator",
            "printedName": "Coordinator",
            "children": [
              {
                "kind": "Function",
                "name": "metadataOutput",
                "printedName": "metadataOutput(_:didOutput:from:)",
                "children": [
                  {
                    "kind": "TypeNominal",
                    "name": "Void",
                    "printedName": "()"
                  },
                  {
                    "kind": "TypeNominal",
                    "name": "AVCaptureMetadataOutput",
                    "printedName": "AVFoundation.AVCaptureMetadataOutput",
                    "usr": "c:objc(cs)AVCaptureMetadataOutput"
                  },
                  {
                    "kind": "TypeNominal",
                    "name": "Array",
                    "printedName": "[AVFoundation.AVMetadataObject]",
                    "children": [
                      {
                        "kind": "TypeNominal",
                        "name": "AVMetadataObject",
                        "printedName": "AVFoundation.AVMetadataObject",
                        "usr": "c:objc(cs)AVMetadataObject"
                      }
                    ],
                    "usr": "s:Sa"
                  },
                  {
                    "kind": "TypeNominal",
                    "name": "AVCaptureConnection",
                    "printedName": "AVFoundation.AVCaptureConnection",
                    "usr": "c:objc(cs)AVCaptureConnection"
                  }
                ],
                "declKind": "Func",
                "usr": "s:15OpenplatformSDK13QRCodeScannerV11CoordinatorC14metadataOutput_03didG04fromySo017AVCaptureMetadataG0C_SaySo16AVMetadataObjectCGSo0J10ConnectionCtF",
                "mangledName": "$s15OpenplatformSDK13QRCodeScannerV11CoordinatorC14metadataOutput_03didG04fromySo017AVCaptureMetadataG0C_SaySo16AVMetadataObjectCGSo0J10ConnectionCtF",
                "moduleName": "OpenplatformSDK",
                "objc_name": "captureOutput:didOutputMetadataObjects:fromConnection:",
                "declAttributes": [
                  "ObjC",
                  "AccessControl"
                ],
                "funcSelfKind": "NonMutating"
              },
              {
                "kind": "Constructor",
                "name": "init",
                "printedName": "init()",
                "children": [
                  {
                    "kind": "TypeNominal",
                    "name": "Coordinator",
                    "printedName": "OpenplatformSDK.QRCodeScanner.Coordinator",
                    "usr": "s:15OpenplatformSDK13QRCodeScannerV11CoordinatorC"
                  }
                ],
                "declKind": "Constructor",
                "usr": "s:15OpenplatformSDK13QRCodeScannerV11CoordinatorCAEycfc",
                "mangledName": "$s15OpenplatformSDK13QRCodeScannerV11CoordinatorCAEycfc",
                "moduleName": "OpenplatformSDK",
                "overriding": true,
                "implicit": true,
                "objc_name": "init",
                "declAttributes": [
                  "Dynamic",
                  "ObjC",
                  "Override"
                ],
                "init_kind": "Designated"
              }
            ],
            "declKind": "Class",
            "usr": "s:15OpenplatformSDK13QRCodeScannerV11CoordinatorC",
            "mangledName": "$s15OpenplatformSDK13QRCodeScannerV11CoordinatorC",
            "moduleName": "OpenplatformSDK",
            "declAttributes": [
              "AccessControl",
              "ObjC"
            ],
            "superclassUsr": "c:objc(cs)NSObject",
            "hasMissingDesignatedInitializers": true,
            "superclassNames": [
              "ObjectiveC.NSObject"
            ],
            "conformances": [
              {
                "kind": "Conformance",
                "name": "Copyable",
                "printedName": "Copyable",
                "usr": "s:s8CopyableP",
                "mangledName": "$ss8CopyableP"
              },
              {
                "kind": "Conformance",
                "name": "Escapable",
                "printedName": "Escapable",
                "usr": "s:s9EscapableP",
                "mangledName": "$ss9EscapableP"
              },
              {
                "kind": "Conformance",
                "name": "Equatable",
                "printedName": "Equatable",
                "usr": "s:SQ",
                "mangledName": "$sSQ"
              },
              {
                "kind": "Conformance",
                "name": "Hashable",
                "printedName": "Hashable",
                "usr": "s:SH",
                "mangledName": "$sSH"
              },
              {
                "kind": "Conformance",
                "name": "CVarArg",
                "printedName": "CVarArg",
                "usr": "s:s7CVarArgP",
                "mangledName": "$ss7CVarArgP"
              },
              {
                "kind": "Conformance",
                "name": "_KeyValueCodingAndObservingPublishing",
                "printedName": "_KeyValueCodingAndObservingPublishing",
                "usr": "s:10Foundation37_KeyValueCodingAndObservingPublishingP",
                "mangledName": "$s10Foundation37_KeyValueCodingAndObservingPublishingP"
              },
              {
                "kind": "Conformance",
                "name": "_KeyValueCodingAndObserving",
                "printedName": "_KeyValueCodingAndObserving",
                "usr": "s:10Foundation27_KeyValueCodingAndObservingP",
                "mangledName": "$s10Foundation27_KeyValueCodingAndObservingP"
              },
              {
                "kind": "Conformance",
                "name": "CustomStringConvertible",
                "printedName": "CustomStringConvertible",
                "usr": "s:s23CustomStringConvertibleP",
                "mangledName": "$ss23CustomStringConvertibleP"
              },
              {
                "kind": "Conformance",
                "name": "CustomDebugStringConvertible",
                "printedName": "CustomDebugStringConvertible",
                "usr": "s:s28CustomDebugStringConvertibleP",
                "mangledName": "$ss28CustomDebugStringConvertibleP"
              }
            ]
          }
        ],
        "declKind": "Struct",
        "usr": "s:15OpenplatformSDK13QRCodeScannerV",
        "mangledName": "$s15OpenplatformSDK13QRCodeScannerV",
        "moduleName": "OpenplatformSDK",
        "declAttributes": [
          "Preconcurrency",
          "Custom",
          "AccessControl"
        ],
        "conformances": [
          {
            "kind": "Conformance",
            "name": "Copyable",
            "printedName": "Copyable",
            "usr": "s:s8CopyableP",
            "mangledName": "$ss8CopyableP"
          },
          {
            "kind": "Conformance",
            "name": "Escapable",
            "printedName": "Escapable",
            "usr": "s:s9EscapableP",
            "mangledName": "$ss9EscapableP"
          },
          {
            "kind": "Conformance",
            "name": "UIViewRepresentable",
            "printedName": "UIViewRepresentable",
            "children": [
              {
                "kind": "TypeWitness",
                "name": "UIViewType",
                "printedName": "UIViewType",
                "children": [
                  {
                    "kind": "TypeNominal",
                    "name": "UIView",
                    "printedName": "UIKit.UIView",
                    "usr": "c:objc(cs)UIView"
                  }
                ]
              },
              {
                "kind": "TypeWitness",
                "name": "Coordinator",
                "printedName": "Coordinator",
                "children": [
                  {
                    "kind": "TypeNominal",
                    "name": "Coordinator",
                    "printedName": "OpenplatformSDK.QRCodeScanner.Coordinator",
                    "usr": "s:15OpenplatformSDK13QRCodeScannerV11CoordinatorC"
                  }
                ]
              }
            ],
            "usr": "s:7SwiftUI19UIViewRepresentableP",
            "mangledName": "$s7SwiftUI19UIViewRepresentableP"
          },
          {
            "kind": "Conformance",
            "name": "View",
            "printedName": "View",
            "children": [
              {
                "kind": "TypeWitness",
                "name": "Body",
                "printedName": "Body",
                "children": [
                  {
                    "kind": "TypeNominal",
                    "name": "Never",
                    "printedName": "Swift.Never",
                    "usr": "s:s5NeverO"
                  }
                ]
              }
            ],
            "usr": "s:7SwiftUI4ViewP",
            "mangledName": "$s7SwiftUI4ViewP"
          },
          {
            "kind": "Conformance",
            "name": "Sendable",
            "printedName": "Sendable",
            "usr": "s:s8SendableP",
            "mangledName": "$ss8SendableP"
          }
        ]
      }
    ],
    "json_format_version": 8
  },
  "ConstValues": [
    {
      "filePath": "\/Users\/lbattistini\/Coding\/technogym\/openplatform-mobile-sdk\/packages\/ios\/Sources\/OpenplatformSDK\/EquipmentLogin.swift",
      "kind": "BooleanLiteral",
      "offset": 364,
      "length": 5,
      "value": "false"
    },
    {
      "filePath": "\/Users\/lbattistini\/Coding\/technogym\/openplatform-mobile-sdk\/packages\/ios\/Sources\/OpenplatformSDK\/EquipmentLogin.swift",
      "kind": "StringLiteral",
      "offset": 415,
      "length": 2,
      "value": "\"\""
    }
  ]
}